category,message
ham,Then any special there?
ham,I realise you are a busy guy and i'm trying not to be a bother. I have to get some exams outta the way and then try the cars. Do have a gr8 day
ham,Match started.india  &lt;#&gt;  for 2
ham,Goodmorning today i am late for  &lt;DECIMAL&gt; min.
ham,"Ya, i'm referin to mei's ex wat... No ah, waitin 4 u to treat, somebody shld b rich liao...So gd, den u dun have to work frm tmr onwards..."
ham,Well boy am I glad G wasted all night at applebees for nothing
ham,"I just got home babe, are you still awake ?"
ham,Sat right? Okay thanks...
ham,I luv u soo much u dont understand how special u r 2 me ring u 2morrow luv u xxx
ham,NONE!NOWHERE IKNO DOESDISCOUNT!SHITINNIT
ham,Gibbs unsold.mike hussey
ham,But your brother transfered only  &lt;#&gt;  +  &lt;#&gt; . Pa.
ham,I‘ll have a look at the frying pan in case it‘s cheap or a book perhaps. No that‘s silly a frying pan isn‘t likely to be a book
ham,Friendship poem: Dear O Dear U R Not Near But I Can Hear Dont Get Fear Live With Cheer No More Tear U R Always my Dear. Gud ni8
ham,If we win its really no 1 side for long time.
ham,1 I don't have her number and 2 its gonna be a massive pain in the ass and i'd rather not get involved if that's possible
ham,"Sorry, left phone upstairs. OK, might be hectic but would be all my birds with one fell swoop. It's a date."
ham,"What part of ""don't initiate"" don't you understand"
ham,Great. Never been better. Each day gives even more reasons to thank God
ham,Ranjith cal drpd Deeraj and deepak 5min hold
ham,Guess he wants alone time. We could just show up and watch when they do..
ham,"The world is running and i am still.maybe all are feeling the same,so be it.or i have to admit,i am mad.then where is the correction?or let me call this is life.and keep running with the world,may be u r also running.lets run."
ham,"K I'm ready,  &lt;#&gt; ?"
ham,"Did I forget to tell you ? I want you , I need you, I crave you ... But most of all ... I love you my sweet Arabian steed ... Mmmmmm ... Yummy"
ham,what number do u live at? Is it 11?
ham,Dear i have reache room
ham,Not from this campus. Are you in the library?
ham,Yup. Thk of u oso boring wat.
ham,Its a valentine game. . . Send dis msg to all ur friends. .. If 5 answers r d same then someone really loves u. Ques- which colour suits me the best?rply me
ham,What is important is that you prevent dehydration by giving her enough fluids
ham,Dear we are going to our rubber place
ham,* You gonna ring this weekend or wot?
ham,Book which lesson? then you msg me... I will call up after work or sth... I'm going to get specs. My membership is PX3748
ham,ARE YOU IN TOWN? THIS IS V. IMPORTANT
ham,I'm working technical support :)voice process.networking field.
ham,Wish i were with you now!
ham,Do you still have the grinder?
ham,Ah poop. Looks like ill prob have to send in my laptop to get fixed cuz it has a gpu problem
ham,Hello! How r u? Im bored. Inever thought id get bored with the tv but I am. Tell me something exciting has happened there? Anything! =/
ham,I'm reading the text i just sent you. Its meant to be a joke. So read it in that light
ham,Just woke up. Yeesh its late. But I didn't fall asleep til &lt;#&gt; am :/
ham,Customer place i will call you.
ham,"Its good, we'll find a way"
ham,Yes:)sura in sun tv.:)lol.
ham,I cant pick the phone right now. Pls send a message
ham,He needs to stop going to bed and make with the fucking dealing
ham,Just sent it. So what type of food do you like?
ham,what is your account number?
ham,Okie ü wan meet at bishan? Cos me at bishan now. I'm not driving today.
ham,"A cute thought for friendship: ""Its not necessary to share every secret with ur close Frnd, but watever u shared should be true""...."
ham,alright. Thanks for the advice. Enjoy your night out. I'ma try to get some sleep...
ham,Why nothing. Ok anyway give me treat
ham,Hey are we going for the lo lesson or gym?
ham,Ok...
ham,"By march ending, i should be ready. But will call you for sure. The problem is that my capital never complete. How far with you. How's work and the ladies"
ham,Lol I have to take it. member how I said my aunt flow didn't visit for 6 months? It's cause I developed ovarian cysts. Bc is the only way to shrink them.
ham,Pls i wont belive god.not only jesus.
ham,"Well done, blimey, exercise, yeah, i kinda remember wot that is, hmm."
ham,"Hi Jon, Pete here, Ive bin 2 Spain recently & hav sum dinero left, Bill said u or ur rents mayb interested in it, I hav 12,000pes, so around £48, tb, James."
ham,Ryder unsold.now gibbs.
ham,Bring home some Wendy =D
ham,Boo. How's things? I'm back at home and a little bored already :-(
ham,"Dear,shall mail tonite.busy in the street,shall update you tonite.things are looking ok.varunnathu edukkukayee raksha ollu.but a good one in real sense."
ham,No sir. That's why i had an 8-hr trip on the bus last week. Have another audition next wednesday but i think i might drive this time.
ham,Was the actual exam harder than NBME
ham,Nt yet chikku..simple habba..hw abt u?
ham,I dunno lei... Like dun haf...
ham,Ah you see. You have to be in the lingo. I will let you know wot on earth it is when has finished making it!
ham,ok....take care.umma to you too...
ham,Jay's getting really impatient and belligerent
ham,It's é only $140 ard...É rest all ard $180 at least...Which is é price 4 é 2 bedrm ($900)
ham,Don know:)this week i'm going to tirunelvai da.
ham,Got c... I lazy to type... I forgot ü in lect... I saw a pouch but like not v nice...
ham,Ok. So april. Cant wait
ham,I'm going out to buy mum's present ar.
ham,Me too baby! I promise to treat you well! I bet you will take good care of me...
ham,I havent lei.. Next mon can?
ham,Oh k. . I will come tomorrow
ham,Hmm thinking lor...
ham,I was about to do it when i texted. I finished a long time ago and showered and er'ything!
ham,It didnt work again oh. Ok goodnight then. I.ll fix and have it ready by the time you wake up. You are very dearly missed have a good night sleep.
ham,Hey what happen de. Are you alright.
ham,Ooooooh I forgot to tell u I can get on yoville on my phone
ham,HI DARLIN I FINISH AT 3 DO U 1 2 PICK ME UP OR MEET ME? TEXT BACK ON THIS NUMBER LUV KATE XXX
ham,O i played smash bros  &lt;#&gt;  religiously.
ham,Haven't eaten all day. I'm sitting here staring at this juicy pizza and I can't eat it. These meds are ruining my life.
ham,In da car park
ham,"I'm in a meeting, call me later at"
ham,Great comedy..cant stop laughing da:)
ham,Ill call you evening ill some ideas.
ham,:( but your not here....
ham,Meanwhile in the shit suite: xavier decided to give us  &lt;#&gt;  seconds of warning that samantha was coming over and is playing jay's guitar to impress her or some shit. Also I don't think doug realizes I don't live here anymore
ham,Eatin my lunch...
ham,I am in escape theatre now. . Going to watch KAVALAN in a few minutes
ham,Where's my boytoy? I miss you ... What happened?
ham,"Piggy, r u awake? I bet u're still sleeping. I'm going 4 lunch now..."
ham,Okay same with me. Well thanks for the clarification
ham,Oh really?? Did you make it on air? What's your talent?
ham,Good evening! How are you?
ham,Pathaya enketa maraikara pa'
ham,"So many people seems to be special at first sight, But only very few will remain special to you till your last sight.. Maintain them till life ends.. Sh!jas"
ham,Meeting u is my work. . . Tel me when shall i do my work tomorrow
ham,Nooooooo I'm gonna be bored to death all day. Cable and internet outage.
ham,I'm leaving my house now.
ham,"alright, I'll make sure the car is back tonight"
ham,Did you get any gift? This year i didnt get anything. So bad
ham,Hey gorgeous man. My work mobile number is. Have a good one babe. Squishy Mwahs.
ham,He like not v shock leh. Cos telling shuhui is like telling leona also. Like dat almost all know liao. He got ask me abt ur reaction lor.
ham,Bbq this sat at mine from 6ish. Ur welcome 2 come
ham,Even if he my friend he is a priest call him now
ham,Good afternoon my boytoy. How goes that walking here and there day ? Did you get that police abstract? Are you still out and about? I wake and miss you babe
ham,"Machan you go to gym tomorrow,  i wil come late goodnight."
ham,"My fri ah... Okie lor,goin 4 my drivin den go shoppin after tt..."
ham,Er yep sure. Props?
ham,Do u noe wat time e place dat sells 4d closes?
ham,What happen to her tell the truth
ham,(You didn't hear it from me)
ham,"Height of Confidence: All the Aeronautics professors wer calld &amp; they wer askd 2 sit in an aeroplane. Aftr they sat they wer told dat the plane ws made by their students. Dey all hurried out of d plane.. Bt only 1 didnt move... He said:""if it is made by my students,this wont even start........ Datz confidence.."
ham,"I can't speak, bcaz mobile have problem. I can listen you but you cann't listen my voice. So i calls you later."
ham,"I jus hope its true that  missin me cos i'm really missin him! You haven't done anything to feel guilty about, yet."
ham,I'm still looking for a car to buy. And have not gone 4the driving test yet.
ham,Anything lor if they all go then i go lor...
ham,K...k...yesterday i was in cbe .
ham,"Awesome, I'll see you in a bit"
ham,Me fine..absolutly fine
ham,"Aight, see you in a bit"
ham,No. On the way home. So if not for the long dry spell the season would have been over
ham,Everybody had fun this evening. Miss you.
ham,Why you Dint come with us.
ham,Hey whats up? U sleeping all morning?
ham,Hey leave it. not a big deal:-) take care.
ham,I walked an hour 2 c u! doesnt that show I care y wont u believe im serious?
ham,is your hamster dead? Hey so tmr i meet you at 1pm orchard mrt?
ham,Lol! Oops sorry! Have fun.
ham,3 pa but not selected.
ham,DO U WANT 2 MEET UP 2MORRO
ham,So u wan 2 come for our dinner tonight a not?
ham,"Nothing. I meant that once the money enters your account here, the bank will remove its flat rate. Someone transfered  &lt;#&gt;  to my account and  &lt;#&gt; dollars got removed. So the banks differ and charges also differ.be sure you trust the 9ja person you are sending account details to cos..."
ham,Yes but can we meet in town cos will go to gep and then home. You could text at bus stop. And don't worry we'll have finished by march … ish!
ham,Where wuld I be without my baby? The thought alone mite break me and I dont wanna go crazy but everyboy needs his lady xxxxxxxx
ham,Hey what are you doing. Y no reply pa..
ham,Dear :-/ why you mood off. I cant drive so i brother to drive
ham,Ok. C u then.
ham,Dad went out oredi...
ham,"Me not waking up until 4 in the afternoon, sup"
ham,Already am squatting is the new way of walking
ham,When are you guys leaving?
ham,Well there's still a bit left if you guys want to tonight
ham,"Fighting with the world is easy, u either win or lose bt fightng with some1 who is close to u is dificult if u lose - u lose if u win - u still lose."
ham,Buy one egg for me da..please:)
ham,Hiya do u like the hlday pics looked horrible in them so took mo out! Hows the camp Amrca thing? Speak soon Serena:)
ham,I'm okay. Chasing the dream. What's good. What are you doing next.
ham,S.this will increase the chance of winning.
ham,Yes I started to send requests to make it but pain came back so I'm back in bed. Double coins at the factory too. I gotta cash in all my nitros.
ham,Its too late:)but its k.wish you the same.
ham,Cancel cheyyamo?and get some money back?
ham,I'm thinking that chennai forgot to come for auction..
ham,Ok I'm gonna head up to usf in like fifteen minutes
ham,He is there. You call and meet him
ham,I am on the way to ur home
ham,"Im sorry bout last nite it wasnt ur fault it was me, spouse it was pmt or sumthin! U 4give me? I think u shldxxxx"
ham,"Ya ok, vikky vl c witin  &lt;#&gt; mins and il reply u.."
ham,The whole car appreciated the last two! Dad and are having a map reading semi argument but apart from that things are going ok. P.
ham,Ok i found dis pierre cardin one which looks normal costs 20 its on sale.
ham,Speaking of does he have any cash yet?
ham,I'm aight. Wat's happening on your side.
ham,Send to someone else :-)
ham,"Yo, you at jp and hungry like a mofo?"
ham,OH FUCK. JUSWOKE UP IN A BED ON A BOATIN THE DOCKS. SLEPT WID 25 YEAR OLD. SPINOUT! GIV U DA GOSSIP L8R. XXX
ham,Ok going to sleep. Hope i can meet her.
ham,"Sorry, I'll call later"
ham,"I call you later, don't have network. If urgnt, sms me."
ham,"G says you never answer your texts, confirm/deny"
ham,You are a very very very very bad girl. Or lady.
ham,"Good afternon, my love. How are today? I hope your good and maybe have some interviews. I wake and miss you babe. A passionate kiss from across the sea"
ham,"Night has ended for another day, morning has come in a special way. May you smile like the sunny rays and leaves your worries at the blue blue bay. Gud mrng"
ham,He fucking chickened out. He messaged me he would be late and woould buzz me and then I didn't hear a word from him
ham,Double eviction this week - Spiral and Michael and good riddance to them!
ham,I am late. I will be there at
ham,Ard 515 like dat. Y?
ham,I will take care of financial problem.i will help:)
ham,Babe ! What are you doing ? Where are you ? Who are you talking to ? Do you think of me ? Are you being a good boy? Are you missing me? Do you love me ?
ham,Yup ok...
ham,"FR'NDSHIP is like a needle of a clock. Though V r in d same clock, V r nt able 2 met. Evn if V meet,itz only 4few seconds. Bt V alwys stay conected. Gud 9t;-)"
ham,Can come my room but cannot come my house cos my house still messy... Haha...
ham,Hui xin is in da lib.
ham,No..few hours before.went to hair cut .
ham,Macha dont feel upset.i can assume your mindset.believe me one evening with me and i have some wonderful plans for both of us.LET LIFE BEGIN AGAIN.call me anytime
ham,That's one of the issues but california is okay. No snow so its manageable
ham,You have registered Sinco as Payee. Log in at icicibank.com and enter URN  &lt;#&gt;  to confirm. Beware of frauds. Do NOT share or disclose URN to anyone.
ham,"Carlos is down but I have to pick it up from him, so I'll swing by usf in a little bit"
ham,Ball is moving a lot.will spin in last :)so very difficult to bat:)
ham,Where in abj are you serving. Are you staying with dad or alone.
ham,Ya very nice. . .be ready on thursday
ham,Ok lor. I'm in town now lei.
ham,dont make ne plans for nxt wknd coz she wants us to come down then ok
ham,I wnt to buy a BMW car urgently..its vry urgent.but hv a shortage of  &lt;#&gt; Lacs.there is no source to arng dis amt. &lt;#&gt; lacs..thats my prob
ham,"1.20 that call cost. Which i guess isnt bad. Miss ya, need ya, want ya, love ya"
ham,Why i come in between you people
ham,"I'm not sure, I was just checking out what was happening around the area"
ham,K fyi x has a ride early tomorrow morning but he's crashing at our place tonight
ham,Lol where do u come up with these ideas?
ham,My sister cleared two round in birla soft yesterday.
ham,"How long before you get reply, just defer admission til next semester"
ham,Hey ! Don't forget ... You are MINE ... For ME ... My possession ... MY property ... MMM ... *childish smile* ...
ham,There the size of elephant tablets & u shove um up ur ass!!
ham,Been up to ne thing interesting. Did you have a good birthday? When are u wrking nxt? I started uni today.
ham,"Me, i dont know again oh"
ham,Kay... Since we are out already
ham,Still work going on:)it is very small house.
ham,Ü comin to fetch us oredi...
ham,Haven't left yet so probably gonna be here til dinner
ham,"Sorry man, accidentally left my phone on silent last night and didn't check it til I got up"
ham,I'll probably be by tomorrow (or even later tonight if something's going on)
ham,"Also sir, i sent you an email about how to log into the usc payment portal. I.ll send you another message that should explain how things are back home. Have a great weekend."
ham,And smile for me right now as you go and the world will wonder what you are smiling about and think your crazy and keep away from you ... *grins*
ham,You are a big chic. Common. Declare
ham,Okie...
ham,Pls ask macho how much is budget for bb bold 2 is cos i saw a new one for  &lt;#&gt;  dollars.
ham,Just re read it and I have no shame but tell me how he takes it and if he runs I will blame u 4 ever!! Not really 4 ever just a long time
ham,"I don't know, same thing that's wrong everyso often, he panicks starts goin on bout not bein good enough …"
ham,Jokin only lar... :-) depends on which phone my father can get lor...
ham,"She is our sister.. She belongs 2 our family.. She is d hope of tomorrow.. Pray 4 her,who was fated 4 d Shoranur train incident. Lets hold our hands together &amp; fuelled by love &amp; concern prior 2 her grief &amp; pain. Pls join in dis chain &amp; pass it. STOP VIOLENCE AGAINST WOMEN."
ham,"I know dat feelin had it with Pete! Wuld get with em , nuther place nuther time mayb?"
ham,I have gone into get info bt dont know what to do
ham,I'm gonna rip out my uterus.
ham,Actually i deleted my old website..now i m blogging at magicalsongs.blogspot.com
ham,Aiyah e rain like quite big leh. If drizzling i can at least run home.
ham,"Bill, as in: Are there any letters for me. i’m expecting one from orange that isn’t a bill but may still say orange on it."
ham,Anytime...
ham,"I've not called you in a while. This is hoping it was l8r malaria and that you know that we miss you guys. I miss Bani big, so pls give her my love especially. Have a great day."
ham,"(And my man carlos is definitely coming by mu tonight, no excuses)"
ham,:-) :-)
ham,What you doing?how are you?
ham,"No, its true..k,Do u knw dis no. &lt;#&gt; ?"
ham,"Uh, heads up we don't have THAT much left"
ham,Do u still have plumbers tape and a wrench we could borrow?
ham,Dear are you angry i was busy dear
ham,Somebody set up a website where you can play hold em using eve online spacebucks
ham,Have you always been saying welp?
ham,"Yeah I think my usual guy's still passed out from last night, if you get ahold of anybody let me know and I'll throw down"
ham,Imagine Life WITHOUT ME... see.. How fast u are searching me?Don't worry.. l'm always there To disturb U.. Goodnoon..:)
ham,Jus telling u dat i'll b leaving 4 shanghai on 21st instead so we'll haf more time 2 meet up cya...
ham,Yup next stop.
ham,"Argh my 3g is spotty, anyway the only thing I remember from the research we did was that province and sterling were the only problem-free places we looked at"
ham,He didn't see his shadow. We get an early spring yay
ham,Kothi print out marandratha.
ham,Shhhhh nobody is supposed to know!
ham,You do got a shitload of diamonds though
ham,"Babe ! How goes that day ? What are you doing ? Where are you ? I sip my cappuccino and think of you, my love ... I send a kiss to you from across the sea"
ham,Omg if its not one thing its another. My cat has worms :/ when does this bad day end?
ham,Oic... I saw him too but i tot he din c me... I found a group liao...
ham,Ok how you dear. Did you call chechi
ham,A guy who gets used but is too dumb to realize it.
ham,Ha... Then we must walk to everywhere... Cannot take tram. My cousin said can walk to vic market from our hotel
ham,Misplaced your number and was sending texts to your old number. Wondering why i've not heard from you this year. All the best in your mcat. Got this number from my atlanta friends
ham,Baaaaaaaabe! Wake up ! I miss you ! I crave you! I need you!
ham,Anything lor is she coming?
ham,Oh ho. Is this the first time u use these type of words
ham,Carlos is taking his sweet time as usual so let me know when you and patty are done/want to smoke and I'll tell him to haul ass
ham,U still going to the mall?
ham,No probably  &lt;#&gt; %.
ham,How much i gave to you. Morning.
ham,"Just checked out, heading out to drop off my stuff now"
ham,But pls dont play in others life.
ham,You unbelievable faglord
ham,So its to be poking man everyday that they teach you in canada abi! How are you. Just saying hi.
ham,"Ask g or iouri, I've told the story like ten times already"
ham,"Haven't seen my facebook, huh? Lol!"
ham,Talk With Yourself Atleast Once In A Day...!!! Otherwise You Will Miss Your Best FRIEND In This WORLD...!!! -Shakespeare- SHESIL  &lt;#&gt;
ham,"We have sent JD for Customer Service cum Accounts Executive to ur mail id, For details contact us"
ham,"I know you are thinkin malaria. But relax, children cant handle malaria. She would have been worse and its gastroenteritis. If she takes enough to replace her loss her temp will reduce. And if you give her malaria meds now she will just vomit. Its a self limiting illness she has which means in a few days it will completely stop"
ham,Go fool dont cheat others ok
ham,Just curious because my cuz asked what I was up to
ham,She told to hr that he want posting in chennai:)because i'm working here:)
ham,I asked sen to come chennai and search for job.
ham,Ü thk of wat to eat tonight.
ham,No it's waiting in e car dat's bored wat. Cos wait outside got nothing 2 do. At home can do my stuff or watch tv wat.
ham,She just broke down a list of reasons why nobody's in town and I can't tell if she's being sarcastic or just faggy
ham,"Good evening Sir, hope you are having a nice day. I wanted to bring it to your notice that I have been late in paying rent for the past few months and have had to pay a $ &lt;#&gt;  charge. I felt it would be inconsiderate of me to nag about something you give at great cost to yourself and that's why i didnt speak up. I however am in a recession and wont be able to pay the charge this month hence my askin well ahead of month's end. Can you please help. Thank you for everything."
ham,"It‘s £6 to get in, is that ok?"
ham,LOL what happens in Vegas stays in vegas
ham,Sorry for the delay. Yes masters
ham,Whos this am in class:-)
ham,K k pa Had your lunch aha.
ham,"And how you will do that, princess? :)"
ham,"They said if its gonna snow, it will start around 8 or 9 pm tonite! They are predicting an inch of accumulation."
ham,"Sorry to trouble u again. Can buy 4d for my dad again? 1405, 1680, 1843. All 2 big 1 small, sat n sun. Thanx."
ham,Got it. Seventeen pounds for seven hundred ml – hope ok.
ham,"Thanks, I'll keep that in mind"
ham,Thanx but my birthday is over already.
ham,What * u wearing?
ham,Of course ! Don't tease me ... You know I simply must see ! *grins* ... Do keep me posted my prey ... *loving smile* *devouring kiss*
ham,I'm freezing and craving ice. Fml
ham,You only hate me. You can call any but you didnt accept even a single call of mine. Or even you messaged
ham,No break time one... How... I come out n get my stuff fr ü?
ham,"HEY KATE, HOPE UR OK... WILL GIVE U A BUZ WEDLUNCH. GO OUTSOMEWHERE 4 ADRINK IN TOWN..CUD GO 2WATERSHD 4 A BIT? PPL FROMWRK WILL BTHERE. LOVE PETEXXX."
ham,Dude just saw a parked car with its sunroof popped up. Sux
ham,I'm in class. Will holla later
ham,Eh u send wrongly lar...
ham,aathi..where are you dear..
ham,Ew are you one of them?
ham,I am waiting for your call sir.
ham,What you did in  leave.
ham,Please don't text me anymore. I have nothing else to say.
ham,Where u been hiding stranger?
ham,"Superb Thought- ""Be grateful that u dont have everything u want. That means u still have an opportunity to be happier tomorrow than u are today."":-)"
ham,ITS A LAPTOP TAKE IT WITH YOU.
ham,Still i have not checked it da. . .
ham,Okay but i thought you were the expert
ham,Omg it could snow here tonite!
ham,Ok c ü then.
ham,"Ok, be careful ! Don't text and drive !"
ham,No da..today also i forgot..
ham,Dont know supports ass and srt i thnk. I think ps3 can play through usb too
ham,My uncles in Atlanta. Wish you guys a great semester.
ham,Will it help if we propose going back again tomorrow
ham,U horrible gal... U knew dat i was going out wif him yest n u still come n ask me...
ham,"Sorry battery died, yeah I'm here"
ham,Dear got bus directly to calicut
ham,How are you doing. How's the queen. Are you going for the royal wedding
ham,K:)all the best:)congrats...
ham,"Wen u miss someone, the person is definitely special for u..... But if the person is so special, why to miss them, just Keep-in-touch gdeve.."
ham,Ok.ok ok..then..whats ur todays plan
ham,I've told you everything will stop. Just dont let her get dehydrated.
ham,"Helloooo... Wake up..! ""Sweet"" ""morning"" ""welcomes"" ""You"" ""Enjoy"" ""This Day"" ""with full of joy"".. ""GUD MRNG""."
ham,Today iZ Yellow rose day. If u love my frndship give me 1 misscall &amp; send this to ur frndZ &amp; See how many miss calls u get. If u get 6missed U marry ur Lover.
ham,ZOE IT JUST HIT ME 2 IM FUCKING SHITIN MYSELF IL DEFO TRY MY HARDEST 2 CUM 2MOROW LUV U MILLIONS LEKDOG
ham,Ok...
ham,Why you keeping me away like this
ham,"No I'm good for the movie, is it ok if I leave in an hourish?"
ham,I will see in half an hour
ham,K.k..how is your sister kids?
ham,U wake up already? Thanx 4 e tau sar piah it's quite nice.
ham,"Dear,Me at cherthala.in case u r coming cochin pls call bfore u start.i shall also reach accordingly.or tell me which day u r coming.tmorow i am engaged ans its holiday."
ham,"Wow. I never realized that you were so embarassed by your accomodations. I thought you liked it, since i was doing the best i could and you always seemed so happy about ""the cave"". I'm sorry I didn't and don't have more to give. I'm sorry i offered. I'm sorry your room was so embarassing."
ham,Can you call me plz. Your number shows out of coveragd area. I have urgnt call in vasai &amp; have to reach before 4'o clock so call me plz
ham,Got it! It looks scrumptious... daddy wants to eat you all night long!
ham,"came to look at the flat, seems ok, in his 50s? * Is away alot wiv work. Got woman coming at 6.30 too."
ham,Now that you have started dont stop. Just pray for more good ideas and anything i see that can help you guys i.ll forward you a link.
ham,"Well the general price is  &lt;#&gt; /oz, let me know if/when/how much you want"
ham,Dont you have message offer
ham,"chile, please! It's only a  &lt;DECIMAL&gt;  hour drive for me. I come down all the time and will be subletting feb-april for audition season."
ham,Neva mind it's ok..
ham,"Best line said in Love: . ""I will wait till the day I can forget u Or The day u realize that u cannot forget me.""... Gn"
ham,"Haha... Sounds crazy, dunno can tahan anot..."
ham,Cos daddy arranging time c wat time fetch ü mah...
ham,I not at home now lei...
ham,here is my new address -apples&pairs&all that malarky
ham,Anything lar then ü not going home 4 dinner?
ham,Yup i thk cine is better cos no need 2 go down 2 plaza mah.
ham,Hey u still at the gym?
ham,Lol wtf random. Btw is that your lunch break
ham,I actually did for the first time in a while. I went to bed not too long after i spoke with you. Woke up at 7. How was your night?
ham,Ok but knackered. Just came home and went to sleep! Not good at this full time work lark.
ham,"Gud gud..k, chikku tke care.. sleep well gud nyt"
ham,No i'm not gonna be able to. || too late notice. || i'll be home in a few weeks anyway. || what are the plans
ham,Wen did you get so spiritual and deep. That's great
ham,"Sorry about earlier. Putting out fires.Are you around to talk after 9? Or do you actually have a life, lol!"
ham,U in town alone?
ham,Gam gone after outstanding innings.
ham,"Carlos took a while (again), we leave in a minute"
ham,I think the other two still need to get cash but we can def be ready by 9
ham,I wan but too early lei... Me outside now wun b home so early... Neva mind then...
ham,"If we hit it off, you can move in with me :)"
ham,"Don't Think About ""What u Have Got"" Think About ""How to Use It That You Have Got"" gooD ni8"
ham,Tessy..pls do me a favor. Pls convey my birthday wishes to Nimya..pls dnt forget it. Today is her birthday Shijas
ham,"I haven't forgotten you, i might have a couple bucks to send you tomorrow, k? I love ya too"
ham,"Beautiful tomorrow never comes.. When it comes, it's already TODAY.. In the hunt of beautiful tomorrow don't waste your wonderful TODAY.. GOODMORNING:)"
ham,Gud mrng dear have a nice day
ham,Babe? You said 2 hours and it's been almost 4 ... Is your internet down ?
ham,Hey you still want to go for yogasana? Coz if we end at cine then can go bathe and hav the steam bath
ham,Waaaat?? Lololo ok next time then!
ham,"House-Maid is the murderer, coz the man was murdered on  &lt;#&gt; th January.. As public holiday all govt.instituitions are closed,including post office..understand?"
ham,No one interested. May be some business plan.
ham,K..k.:)congratulation ..
ham,Just sing HU. I think its also important to find someone female that know the place well preferably a citizen that is also smart to help you navigate through. Even things like choosing a phone plan require guidance. When in doubt ask especially girls.
ham,Hmmm...k...but i want to change the field quickly da:-)i wanna get system administrator or network administrator..
ham,NEFT Transaction with reference number  &lt;#&gt;  for Rs. &lt;DECIMAL&gt;  has been credited to the beneficiary account on  &lt;#&gt;  at  &lt;TIME&gt; : &lt;#&gt;
ham,Don no da:)whats you plan?
ham,U sure u can't take any sick time?
ham,"How are you, my Love ? Are you with your brother ? Time to talk english with him ? *grins* Say : Hey Muhommad, Penny says hello from across the sea"
ham,"We know TAJ MAHAL as symbol of love. But the other lesser known facts 1. Mumtaz was Shahjahan's 4th wife, out of his 7 wifes. 2. Shahjahan killed Mumtaz's husband to marry her. 3. Mumtaz died in her  &lt;#&gt; th delivery. 4. He then married Mumtaz's sister. Question arises where the Hell is the LOVE?:-| -The Great Hari-"
ham,Havent stuck at orchard in my dad's car. Going 4 dinner now. U leh? So r they free tonight?
ham,"Haven't found a way to get another app for your phone, eh ? Will you go to the net cafe ? Did you take that job? Geeee I need you babe. I crave to see you ..."
ham,Thank u. IT BETTER WORK OUT CAUSE I WILL FEEL USED OTHERWISE
ham,Hi:)did you asked to waheeda fathima about leave?
ham,Is ur lecture over?
ham,"The guy at the car shop who was flirting with me got my phone number from the paperwork and called and texted me. I'm nervous because of course now he may have my address. Should i call his boss and tell him, knowing this may get him fired?"
ham,K actually can you guys meet me at the sunoco on howard? It should be right on the way
ham,"Hey...Great deal...Farm tour 9am to 5pm $95/pax, $50 deposit by 16 May"
ham,Yeah imma come over cause jay wants to do some drugs
ham,I know! Grumpy old people. My mom was like you better not be lying. Then again I am always the one to play jokes...
ham,Then cant get da laptop? My matric card wif ü lei...
ham,Is that seriously how you spell his name?
ham,K:)eng rocking in ashes:)
ham,Same to u...
ham,I am in escape theatre now. . Going to watch KAVALAN in a few minutes
ham,"Hi Shanil,Rakhesh here.thanks,i have exchanged the uncut diamond stuff.leaving back. Excellent service by Dino and Prem."
ham,Ugh fuck it I'm resubbing to eve
ham,Do you know where my lab goggles went
ham,R u sure they'll understand that! Wine * good idea just had a slurp!
ham,"I'm eatin now lor, but goin back to work soon... E mountain deer show huh... I watch b4 liao, very nice..."
ham,"Dont search love, let love find U. Thats why its called falling in love, bcoz U dont force yourself, U just fall and U know there is smeone to hold U... BSLVYL"
ham,Realy sorry-i don't recognise this number and am now confused :) who r u please?!
ham,Shall i ask one thing if you dont mistake me.
ham,I wnt to buy a BMW car urgently..its vry urgent.but hv a shortage of  &lt;#&gt; Lacs.there is no source to arng dis amt. &lt;#&gt; lacs..thats my prob
ham,Jos ask if u wana meet up?
ham,"Princess, i like to make love  &lt;#&gt;  times per night. Hope thats not a problem!"
ham,"It's ok, at least armand's still around"
ham,Tell rob to mack his gf in the theater
ham,"Send ur birthdate with month and year, I will tel u ur LIFE PARTNER'S name. and the method of calculation. Reply must."
ham,Our Prasanth ettans mother passed away last night. Just pray for her and family.
ham,Hey i've booked the 2 lessons on sun liao...
ham,Never y lei... I v lazy... Got wat? Dat day ü send me da url cant work one...
ham,"Okies... I'll go yan jiu too... We can skip ard oso, go cine den go mrt one, blah blah blah..."
ham,Now project pa. After that only i can come.
ham,Am slow in using biola's fne
ham,GRAN ONLYFOUND OUT AFEW DAYS AGO.CUSOON HONI
ham,Sweet heart how are you?
ham,Need a coffee run tomo?Can't believe it's that time of week already
ham,Ok...
ham,I meant middle left or right?
ham,"U wake up already? Wat u doing? U picking us up later rite? I'm taking sq825, reaching ard 7 smth 8 like dat. U can check e arrival time. C ya soon..."
ham,"Wen ur lovable bcums angry wid u, dnt take it seriously.. Coz being angry is d most childish n true way of showing deep affection, care n luv!.. kettoda manda... Have nice day da."
ham,Roger that. We‘re probably going to rem in about 20
ham,Sorry me going home first... Daddy come fetch ü later...
ham,Those ducking chinchillas
ham,Hello! Good week? Fancy a drink or something later?
ham,All these nice new shirts and the only thing I can wear them to is nudist themed ;_; you in mu?
ham,Is toshiba portege m100 gd?
ham,Why did I wake up on my own &gt;:(
ham,I ask if u meeting da ge tmr nite...
ham,Tomarrow i want to got to court. At  &lt;DECIMAL&gt; . So you come to bus stand at 9.
ham,Lol you won't feel bad when I use her money to take you out to a steak dinner =D
ham,"Open rebtel with firefox. When it loads just put plus sign in the user name place, and it will show you two numbers. The lower number is my number. Once you pick that number the pin will display okay!"
ham,Carlos says we can pick up from him later so yeah we're set
ham,Does not operate after  &lt;#&gt;  or what
ham,I hate when she does this. She turns what should be a fun shopping trip into an annoying day of how everything would look in her house.
ham,No no:)this is kallis home ground.amla home town is durban:)
ham,Im just wondering what your doing right now?
ham,"Vikky, come around  &lt;TIME&gt; .."
ham,"Tick, tick, tick ... Babe"
ham,And how's your husband.
ham,"Hiya, probably coming home * weekend after next"
ham,"Cool, what time you think you can get here?"
ham,Well you told others you'd marry them...
ham,K:)k:)good:)study well.
ham,En chikku nange bakra msg kalstiya..then had tea/coffee?
ham,"Rose for red,red for blood,blood for heart,heart for u. But u for me.... Send tis to all ur friends.. Including me.. If u like me.. If u get back, 1-u r poor in relation! 2-u need some 1 to support 3-u r frnd 2 many 4-some1 luvs u 5+- some1 is praying god to marry u.:-) try it...."
ham,Is there a reason we've not spoken this year? Anyways have a great week and all the best in your exam
ham,K da:)how many page you want?
ham,"House-Maid is the murderer, coz the man was murdered on  &lt;#&gt; th January.. As public holiday all govt.instituitions are closed,including post office..understand?"
ham,PLEASSSSSSSEEEEEE TEL ME V AVENT DONE SPORTSx
ham,"No dice, art class 6 thru 9 :( thanks though. Any idea what time I should come tomorrow?"
ham,Been running but only managed 5 minutes and then needed oxygen! Might have to resort to the roller option!
ham,No problem. How are you doing?
ham,Cause I'm not freaky lol
ham,From here after The performance award is calculated every two month.not for current one month period..
ham,Might ax well im there.
ham,";-( oh well, c u later"
ham,"Tell you what, if you make a little spreadsheet and track whose idea it was to smoke to determine who ""smokes too much"" for the entire month of february, I'll come up"
ham,Can do lor...
ham,Tell them u have a headache and just want to use 1 hour of sick time.
ham,Still chance there. If you search hard you will get it..let have a try :)
ham,"Gal n boy walking in d park. gal-can i hold ur hand? boy-y? do u think i would run away? gal-no, jst wana c how it feels walking in heaven with an prince..GN:-)"
ham,Lol for real. She told my dad I have cancer
ham,At WHAT TIME should i come tomorrow
ham,Lovely smell on this bus and it ain't tobacco...
ham,K..give back my thanks.
ham,K... Must book a not huh? so going for yoga basic on sunday?
ham,Juz go google n search 4 qet...
ham,Thts wat Wright Brother did to fly..
ham,"Thanks again for your reply today. When is ur visa coming in. And r u still buying the gucci and bags. My sister things are not easy, uncle john also has his own bills so i really need to think about how to make my own money. Later sha."
ham,"&lt;#&gt; %of pple marry with their lovers... becz they hav gud undrstndng dat avoids problems. i sent dis 2 u, u wil get gud news on friday by d person you like. And tomorrow will be the best day of your life. Dont break this chain. If you break you will suffer. send this to  &lt;#&gt;  frnds in &lt;#&gt;  mins whn u read..."
ham,I hope you arnt pissed off but id would really like to see you tomorrow. Love me xxxxxxxxxxxxxX
ham,"I'll text carlos and let you know, hang on"
ham,Anything lar...
ham,When you are big..| God will bring success.
ham,Si si. I think ill go make those oreo truffles.
ham,Sorry about that this is my mates phone and i didnt write it love Kate
ham,Getting tickets 4 walsall tue 6 th march. My mate is getting me them on sat. ill pay my treat. Want 2 go. Txt bak .Terry
ham,I will lick up every drop :) are you ready to use your mouth as well?
ham,Yep get with the program. You're slacking.
ham,No da. I am happy that we sit together na
ham,HMM yeah if your not too grooved out! And im looking forward to my pound special :)
ham,"Babe! How goes that day ? What are you up to ? I miss you already, my Love ... * loving kiss* ... I hope everything goes well."
ham,"Nah can't help you there, I've never had an iphone"
ham,"Sorry, I'll call later"
ham,Why don't you wait 'til at least wednesday to see if you get your .
ham,Sen told that he is going to join his uncle finance in cbe
ham,"Sorry, I can't help you on this."
ham,No other Valentines huh? The proof is on your fb page. Ugh I'm so glad I really DIDN'T watch your rupaul show you TOOL!
ham,"Haha, my legs and neck are killing me and my amigos are hoping to end the night with a burn, think I could swing by in like an hour?"
ham,Yes see ya not on the dot
ham,Are you still getting the goods.
ham,Aight should I just plan to come up later tonight?
ham,Cos darren say ü considering mah so i ask ü...
ham,"K, I'll work something out"
ham,Haf u found him? I feel so stupid da v cam was working.
ham,Okay... I booked all already... Including the one at bugis.
ham,I cant pick the phone right now. Pls send a message
ham,Lol they were mad at first but then they woke up and gave in.
ham,"Actually nvm, got hella cash, we still on for  &lt;#&gt; ish?"
ham,THANX 4 PUTTIN DA FONE DOWN ON ME!!
ham,Remember to ask alex about his pizza
ham,Ok darlin i supose it was ok i just worry too much.i have to do some film stuff my mate and then have to babysit again! But you can call me there.xx
ham,Also hi wesley how've you been
ham,They finally came to fix the ceiling.
ham,Well. Balls. Time to make calls
ham,Ummmmmaah Many many happy returns of d day my dear sweet heart.. HAPPY BIRTHDAY dear
ham,Hi good mornin.. Thanku wish u d same..
ham,Aaooooright are you at work?
ham,MMM ... Fuck .... Merry Christmas to me
ham,"You are everywhere dirt, on the floor, the windows, even on my shirt. And sometimes when i open my mouth, you are all that comes flowing out. I dream of my world without you, then half my chores are out too. A time of joy for me, lots of tv shows i.ll see. But i guess like all things you just must exist, like rain, hail and mist, and when my time here is done, you and i become one."
ham,"Whats that coming over the hill..... Is it a monster! Hope you have a great day. Things r going fine here, busy though!"
ham,Hello boytoy ! Geeee ... I'm missing you today. I like to send you a tm and remind you I'm thinking of you ... And you are loved ... *loving kiss*
ham,I'll be late...
ham,"This is one of the days you have a billion classes, right?"
ham,In fact when do you leave? I think addie goes back to school tues or wed
ham,Going thru a very different feeling.wavering decisions and coping up with the same is the same individual.time will heal everything i believe.
ham,"Excellent, I'll see what riley's plans are"
ham,Were somewhere on Fredericksburg
ham,Well then you have a great weekend!
ham,Hey gals...U all wanna meet 4 dinner at nìte?
ham,But i have to. I like to have love and arrange.
ham,"Sorry, I'll call later"
ham,Send his number and give reply tomorrow morning for why you said that to him like that ok
ham,I tot it's my group mate... Lucky i havent reply... Wat time do ü need to leave...
ham,Ok ok take care. I can understand.
ham,"Oh, the grand is having a bit of a party but it doesn't mention any cover charge so it's probably first come first served"
ham,Dont worry. I guess he's busy.
ham,Hello! How's you and how did saturday go? I was just texting to see if you'd decided to do anything tomo. Not that i'm trying to invite myself or anything!
ham,"Spoke with uncle john today. He strongly feels that you need to sacrifice to keep me here. He's going to call you. When he does, i beg you to just listen. Dont make any promises or make it clear things are not easy. And i need you to please let us work things out. As long as i keep expecting help, my creativity will be stifled so pls just keep him happy, no promises on your part."
ham,I dont have i shall buy one dear
ham,5 nights...We nt staying at port step liao...Too ex
ham,Hey no I ad a crap nite was borin without ya 2 boggy with me u boring biatch! Thanx but u wait til nxt time il ave ya
ham,U gd lor go shopping i got stuff to do. U wan 2 watch infernal affairs a not? Come lar...
ham,"I'm used to it. I just hope my agents don't drop me since i've only booked a few things this year. This whole me in boston, them in nyc was an experiment."
ham,"I.ll always be there, even if its just in spirit. I.ll get a bb soon. Just trying to be sure i need it."
ham,Hi its me you are probably having too much fun to get this message but i thought id txt u cos im bored! and james has been farting at me all night
ham,Pls confirm the time to collect the cheque.
ham,K..k..i'm also fine:)when will you complete the course?
ham,Hanging out with my brother and his family
ham,They will pick up and drop in car.so no problem..
ham,Have a good evening! Ttyl
ham,Yar lor... How u noe? U used dat route too?
ham,Pls she needs to dat slowly or she will vomit more.
ham,2mro i am not coming to gym machan. Goodnight.
ham,Ü collecting ur laptop then going to configure da settings izzit?
ham,Not thought bout it... || Drink in tap & spile at seven. || Is that pub on gas st off broad st by canal. || Ok?
ham,Hurry home. Soup is DONE!
ham,Is that on the telly? No its Brdget Jones!
ham,Nutter. Cutter. Ctter. Cttergg. Cttargg. Ctargg. Ctagg. ie you
ham,"And that is the problem. You walk around in ""julianaland"" oblivious to what is going on around you. I say the same things constantly and they go in one ear and out the other while you go off doing whatever you want to do. It's not that you don't know why I'm upset--it's that you don't listen when i tell you WHAT is going to upset me. Then you want to be surprised when I'm mad."
ham,"Aight that'll work, thanks"
ham,We'll join the  &lt;#&gt;  bus
ham,Armand says get your ass over to epsilon
ham,You can never do NOTHING
ham,"Nothing, i got msg frm tht unknown no.."
ham,"Life is nothing wen v get everything. But ""life is everything wen v miss something "". Real value of people wil be realized only in their absence.... gud mrng"
ham,Wrong phone! This phone! I answer this one but assume the other is people i don't well
ham,"Sir, i am waiting for your call."
ham,"Good afternoon loverboy ! How goes you day ? Any luck come your way? I think of you, sweetie and send my love across the sea to make you smile and happy"
ham,"I'll see if I can swing by in a bit, got some things to take care of here firsg"
ham,"As usual..iam fine, happy &amp; doing well..:)"
ham,Yup i thk so until e shop closes lor.
ham,"Damn, poor zac doesn't stand a chance"
ham,Dear umma she called me now :-)
ham,"Thank you so much. When we skyped wit kz and sura, we didnt get the pleasure of your company. Hope you are good. We've given you ultimatum oh! We are countin down to aburo. Enjoy! This is the message i sent days ago"
ham,WHORE YOU ARE UNBELIEVABLE.
ham,"Hello, my love ! How went your day ? Are you alright ? I think of you, my sweet and send a jolt to your heart to remind you ... I LOVE YOU! Can you hear it ? I screamed it across the sea for all the world to hear. Ahmad al Hallaq is loved ! and owned ! *possessive passionate kiss*"
ham,"Ok. Can be later showing around 8-8:30 if you want + cld have drink before. Wld prefer not to spend money on nosh if you don't mind, as doing that nxt wk."
ham,I re-met alex nichols from middle school and it turns out he's dealing!
ham,"Watching cartoon, listening music &amp; at eve had to go temple &amp; church.. What about u?"
ham,"MOON has come to color your dreams, STARS to make them musical and my SMS to give you warm and Peaceful Sleep. Good Night"
ham,You are a great role model. You are giving so much and i really wish each day for a miracle but God as a reason for everything and i must say i wish i knew why but i dont. I've looked up to you since i was young and i still do. Have a great day.
ham,Ok cool. See ya then.
ham,Were gonna go get some tacos
ham,Sounds like there could be a lot of time spent in that chastity device boy ... *grins* ... Or take your beatings like a good dog. Going to lounge in a nice long bath now ?
ham,No..its ful of song lyrics..
ham,"Sir, I need Velusamy sir's date of birth and company bank facilities details."
ham,And of course you should make a stink!
ham,Hello-/@drivby-:0quit edrunk sorry iff pthis makes no senrd-dnot no how ^ dancce 2 drum n basq!ihave fun 2nhite x ros xxxxxxx
ham,Oh k k:)but he is not a big hitter.anyway good
ham,No message..no responce..what happend?
ham,* Was thinking about chuckin ur red green n black trainners 2 save carryin them bac on train
ham,"Hi, wlcome back, did wonder if you got eaten by a lion or something, nothing much"
ham,Ok then i will come to ur home after half an hour
ham,Where are the garage keys? They aren't on the bookshelf
ham,It's justbeen overa week since we broke up and already our brains are going to mush!
ham,Is fujitsu s series lifebook good?
ham,did u get that message
ham,"Got fujitsu, ibm, hp, toshiba... Got a lot of model how to say..."
ham,Also where's the piece
ham,"Thats a bit weird, even ?- where is the do supposed to be happening? But good idea, sure they will be in pub!"
ham,Lol great now im getting hungry.
ham,"Solve d Case : A Man Was Found Murdered On  &lt;DECIMAL&gt; . &lt;#&gt;  AfterNoon. 1,His wife called Police. 2,Police questioned everyone. 3,Wife: Sir,I was sleeping, when the murder took place. 4.Cook: I was cooking. 5.Gardener: I was picking vegetables. 6.House-Maid: I went 2 d post office. 7.Children: We went 2 play. 8.Neighbour: We went 2 a marriage. Police arrested d murderer Immediately. Who's It? Reply With Reason, If U r Brilliant."
ham,Sitting in mu waiting for everyone to get out of my suite so I can take a shower
ham,"Sorry, I'll call later"
ham,Change again... It's e one next to escalator...
ham,Or ill be a little closer like at the bus stop on the same street
ham,How would my ip address test that considering my computer isn't a minecraft server
ham,I wont do anything de.
ham,"1) Go to write msg 2) Put on Dictionary mode 3)Cover the screen with hand, 4)Press  &lt;#&gt; . 5)Gently remove Ur hand.. Its interesting..:)"
ham,No wonder... Cos i dun rem seeing a silver car... But i thk i saw a black one...
ham,Thanks for being there for me just to talk to on saturday. You are very dear to me. I cherish having you as a brother and role model.
ham,Yes fine
ham,Me too. Mark is taking forever to pick up my prescription and the pain is coming back.
ham,"Almost there, see u in a sec"
ham,Where r we meeting?
ham,S:)s.nervous  &lt;#&gt; :)
ham,My uncles in Atlanta. Wish you guys a great semester.
ham,"Goodmorning, today i am late for 2hrs. Because of back pain."
ham,Hey. For me there is no leave on friday. Wait i will ask my superior and tell you..
ham,O. Well uv causes mutations. Sunscreen is like essential thesedays
ham,Dont kick coco when he's down
ham,Go chase after her and run her over while she's crossing the street
ham,I'll be in sch fr 4-6... I dun haf da book in sch... It's at home...
ham,K.i did't see you.:)k:)where are you now?
ham,Have you finished work yet? :)
ham,This is hoping you enjoyed your game yesterday. Sorry i've not been in touch but pls know that you are fondly bein thot off. Have a great week. Abiola
ham,Did you catch the bus ? Are you frying an egg ? Did you make a tea? Are you eating your mom's left over dinner ? Do you feel my Love ?
ham,Can not use foreign stamps in this country.
ham,Two teams waiting for some players
ham,I've been trying to reach him without success
ham,Thanks for picking up the trash.
ham,Pls give her prometazine syrup. 5mls then  &lt;#&gt; mins later feed.
ham,"It,,s a taxt massage....tie-pos argh ok! Lool!"
ham,"The house is on the water with a dock, a boat rolled up with a newscaster who dabbles in jazz flute behind the wheel"
ham,Some of them told accenture is not confirm. Is it true.
ham,Jordan got voted out last nite!
ham,:-( that's not v romantic!
ham,"Have a lovely night and when you wake up to see this message, i hope you smile knowing all is as should be. Have a great morning"
ham,Oh is it! Which brand?
ham,Then why no one talking to me
ham,"Funny fact Nobody teaches volcanoes 2 erupt, tsunamis 2 arise, hurricanes 2 sway aroundn no 1 teaches hw 2 choose a wife Natural disasters just happens"
ham,Hey i will be late... i'm at amk. Need to drink tea or coffee
ham,I got lousy sleep. I kept waking up every 2 hours to see if my cat wanted to come in. I worry about him when its cold :(
ham,How do friends help us in problems? They give the most stupid suggestion that Lands us into another problem and helps us forgt the previous problem
ham,I didn't get the second half of that message
ham,You call him now ok i said call him
ham,Is there any movie theatre i can go to and watch unlimited movies and just pay once?
ham,"Yeah that's what I thought, lemme know if anything's goin on later"
ham,Ok... Ur typical reply...
ham,K...k:)why cant you come here and search job:)
ham,Hi its in durban are you still on this number
ham,Watching ajith film ah?
ham,Shall i send that exe to your mail id.
ham,Do well :)all will for little time. Thing of good times ahead:
ham,K:)i will give my kvb acc details:)
ham,Excellent! Are you ready to moan and scream in ecstasy?
ham,I fetch yun or u fetch?
ham,"He has lots of used ones babe, but the model doesn't help. Youi have to bring it over and he'll match it up"
ham,I have a rather prominent bite mark on my right cheek
ham,No:-)i got rumour that you going to buy apartment in chennai:-)
ham,Noooooooo please. Last thing I need is stress. For once in your life be fair.
ham,"No worries, hope photo shoot went well. have a spiffing fun at workage."
ham,&lt;#&gt;  great loxahatchee xmas tree burning update: you can totally see stars here
ham,"Its ok., i just askd did u knw tht no?"
ham,Hey mate. Spoke to the mag people. We‘re on.  the is deliver by the end of the month. Deliver on the 24th sept. Talk later.
ham,Bishan lar nearer... No need buy so early cos if buy now i gotta park my car...
ham,What is the plural of the noun research?
ham,Yeah do! Don‘t stand to close tho- you‘ll catch something!
ham,Sure but since my parents will be working on Tuesday I don't really need a cover story
ham,If you were/are free i can give. Otherwise nalla adi entey nattil kittum
ham,"I'll see, but prolly yeah"
ham,My sister going to earn more than me da.
ham,"Mmmmm ... I loved waking to your words this morning ! I miss you too, my Love. I hope your day goes well and you are happy. I wait for us to be together again"
ham,Great. P diddy is my neighbor and comes for toothpaste every morning
ham,Send me yetty's number pls.
ham,Have you not finished work yet or something?
ham,I love you. You set my soul on fire. It is not just a spark. But it is a flame. A big rawring flame. XoXo
ham,*deep sigh* ... I miss you :-( ... I am really surprised you haven't gone to the net cafe yet to get to me ... Don't you miss me?
ham,Ok lor...
ham,Send this to ur friends and receive something about ur voice..... How is my speaking expression? 1.childish 2.naughty 3.Sentiment 4.rowdy 5.ful of attitude 6.romantic 7.shy 8.Attractive 9.funny  &lt;#&gt; .irritating  &lt;#&gt; .lovable. reply me..
ham,Ofcourse I also upload some songs
ham,Bring tat cd don forget
ham,Oh yah... We never cancel leh... Haha
ham,"OH MR SHEFFIELD! You wanna play THAT game, okay. You're the boss and I'm the nanny. You give me a raise and I'll give YOU one!!"
ham,Probably gonna swing by in a wee bit
ham,What i mean is do they come chase you out when its over or is it stated you can watch as many movies as you want.
ham,Hope you are feeling great. Pls fill me in. Abiola
ham,Am also doing in cbe only. But have to pay.
ham,Check with nuerologist.
ham,Havent shopping now lor i juz arrive only
ham,Sday only joined.so training we started today:)
ham,Well keep in mind I've only got enough gas for one more round trip barring a sudden influx of cash
ham,O we cant see if we can join denis and mina? Or does denis want alone time
ham,I like cheap! But i‘m happy to splash out on the wine if it makes you feel better..
ham,"Dear friends, sorry for the late information. Today is the birthday of our loving Ar.Praveesh. for more details log on to face book and see. Its his number + &lt;#&gt; . Dont miss a delicious treat."
ham,Hi.what you think about match?
ham,alright tyler's got a minor crisis and has to be home sooner than he thought so be here asap
ham,That's ok. I popped in to ask bout something and she said you'd been in. Are you around tonght wen this girl comes?
ham,If you have belive me. Come to my home.
ham,Huh so slow i tot u reach long ago liao... U 2 more days only i 4 more leh...
ham,"Mostly sports type..lyk footbl,crckt.."
ham,Yunny... I'm goin to be late
ham,Can you just come in for a sec? There's somebody here I want you to see
ham,They r giving a second chance to rahul dengra.
ham,Not directly behind... Abt 4 rows behind ü...
ham,Hi mate its RV did u hav a nice hol just a message 3 say hello coz havent sent u 1 in ages started driving so stay off roads!RVx
ham,Maybe i could get book out tomo then return it immediately ..? Or something.
ham,Ok...
ham,I wish things were different. I wonder when i will be able to show you how much i value you. Pls continue the brisk walks no drugs without askin me please and find things to laugh about. I love you dearly.
ham,"Edison has rightly said, ""A fool can ask more questions than a wise man can answer"" Now you know why all of us are speechless during ViVa.. GM,GN,GE,GNT:-)"
ham,"Hi, Mobile no.  &lt;#&gt;  has added you in their contact list on www.fullonsms.com It s a great place to send free sms to people For more visit fullonsms.com"
ham,K..u also dont msg or reply to his msg..
ham,And also I've sorta blown him off a couple times recently so id rather not text him out of the blue looking for weed
ham,"Sounds good, keep me posted"
ham,Its a great day. Do have yourself a beautiful one.
ham,hi baby im cruisin with my girl friend what r u up 2? give me a call in and hour at home if thats alright or fone me on this fone now love jenny xxx
ham,Ü mean it's confirmed... I tot they juz say oni... Ok then...
ham,HEY MATE! HOWS U HONEY?DID U AVE GOOD HOLIDAY? GIMMI DE GOSS!x
ham,"Hey sexy buns ! Have I told you ? I adore you, loverboy. I hope you remember to thank your sister in law for those meatballs *grins* ... i love you, babe"
ham,The bus leaves at  &lt;#&gt;
ham,What not under standing.
ham,I just really need shit before tomorrow and I know you won't be awake before like 6
ham,Thank u!
ham,Mm umma ask vava also to come tell him can play later together
ham,Our Prashanthettan's mother passed away last night. pray for her and family.
ham,It took Mr owl 3 licks
ham,Ok lor.
ham,"How's my loverboy doing ? What does he do that keeps him from coming to his Queen, hmmm ? Doesn't he ache to speak to me ? Miss me desparately ?"
ham,Big brother‘s really scraped the barrel with this shower of social misfits
ham,I can ask around but there's not a lot in terms of mids up here
ham,"Cool, text me when you're ready"
ham,"Just sent again. Do you scream and moan in bed, princess?"
ham,Lol enjoy role playing much?
ham,I had askd u a question some hours before. Its answer
ham,And whenever you and i see we can still hook up too.
ham,Well i know Z will take care of me. So no worries.
ham,Dude ive been seeing a lotta corvettes lately
ham,Ok Chinese food on its way. When I get fat you're paying for my lipo.
ham,Ü still attending da talks?
ham,"U need my presnts always bcz U cant mis love. ""jeevithathile irulinae neekunna prakasamanu sneham"" prakasam ennal prabha 'That mns prabha is'LOVE' Got it. Dont mis me...."
ham,Lol ... I really need to remember to eat when I'm drinking but I do appreciate you keeping me company that night babe *smiles*
ham,I'll probably be around mu a lot
ham,"8 at the latest, g's still there if you can scrounge up some ammo and want to give the new ak a try"
ham,So wat's da decision?
ham,I will come tomorrow di
ham,"Hey sorry I didntgive ya a a bellearlier hunny,just been in bedbut mite go 2 thepub l8tr if uwana mt up?loads a luv Jenxxx."
ham,Thanks for your message. I really appreciate your sacrifice. I'm not sure of the process of direct pay but will find out on my way back from the test tomorrow. I'm in class now. Do have a wonderful day.
ham,"K, jason says he's gonna be around so I'll be up there around  &lt;#&gt;"
ham,"When I was born, GOD said, ""Oh No! Another IDIOT"". When you were born, GOD said, ""OH No! COMPETITION"". Who knew, one day these two will become FREINDS FOREVER!"
ham,Mark works tomorrow. He gets out at 5. His work is by your house so he can meet u afterwards.
ham,"TODAY is Sorry day.! If ever i was angry with you, if ever i misbehaved or hurt you? plz plz JUST SLAP URSELF Bcoz, Its ur fault, I'm basically GOOD"
ham,"Hey babe! I saw you came online for a second and then you disappeared, what happened ?"
ham,Why didn't u call on your lunch?
ham,Dont think you need yellow card for uk travel. Ask someone that has gone before. If you do its just  &lt;#&gt; bucks
ham,Apps class varaya elaya.
ham,Is it ok if I stay the night here? Xavier has a sleeping bag and I'm getting tired
ham,Gud mrng dear hav a nice day
ham,Which channel:-):-):):-).
ham,Check mail.i have mailed varma and kept copy to you regarding membership.take care.insha allah.
ham,S'fine. Anytime. All the best with it.
ham,How's it going? Got any exciting karaoke type activities planned? I'm debating whether to play football this eve. Feeling lazy though.
ham,"Sad story of a Man - Last week was my b'day. My Wife did'nt wish me. My Parents forgot n so did my Kids . I went to work. Even my Colleagues did not wish. As I entered my cabin my PA said, '' Happy B'day Boss !!''. I felt special. She askd me 4 lunch. After lunch she invited me to her apartment. We went there. She said,'' do u mind if I go into the bedroom for a minute ? '' ''OK'', I sed in a sexy mood. She came out 5 minuts latr wid a cake...n My Wife, My Parents, My Kidz, My Friends n My Colleagues. All screaming.. SURPRISE !! and I was waiting on the sofa.. ... ..... ' NAKED...!"
ham,One small prestige problem now.
ham,Jesus armand really is trying to tell everybody he can find
ham,"K, fyi I'm back in my parents' place in south tampa so I might need to do the deal somewhere else"
ham,"Japanese Proverb: If one Can do it, U too Can do it, If none Can do it,U must do it Indian version: If one Can do it, LET HIM DO it.. If none Can do it,LEAVE it!! And finally Kerala version: If one can do it, Stop him doing it.. If none can do it, Make a strike against it ..."
ham,NEFT Transaction with reference number  &lt;#&gt;  for Rs. &lt;DECIMAL&gt;  has been credited to the beneficiary account on  &lt;#&gt;  at  &lt;TIME&gt; : &lt;#&gt;
ham,Did u receive my msg?
ham,Aight sorry I take ten years to shower. What's the plan?
ham,"Just looked it up and addie goes back Monday, sucks to be her"
ham,Also track down any lighters you can find
ham,Smile in Pleasure Smile in Pain Smile when trouble pours like Rain Smile when sum1 Hurts U Smile becoz SOMEONE still Loves to see u Smiling!!
ham,"I dun thk i'll quit yet... Hmmm, can go jazz ? Yogasana oso can... We can go meet em after our lessons den..."
ham,Yes i think so. I am in office but my lap is in room i think thats on for the last few days. I didnt shut that down
ham,No drama Pls.i have had enough from you and family while i am struggling in the hot sun in a strange place.No reason why there should be an ego of not going 'IF NOT INVITED' when actually its necessity to go.wait for very serious reppurcussions.
ham,Ok can...
ham,She's borderline but yeah whatever.
ham,Hi where you. You in home or calicut?
ham,I dont want to hear anything
ham,Life style garments account no please.
ham,am up to my eyes in philosophy
ham,Nothing lor... A bit bored too... Then y dun u go home early 2 sleep today...
ham,Yup... How ü noe leh...
ham,"Nice. Wait...should you be texting right now? I'm not gonna pay your ticket, ya know!"
ham,Yes! How is a pretty lady like you single?
ham,Yoyyooo u know how to change permissions for a drive in mac. My usb flash drive
ham,Ok...
ham,"Good afternoon, my love! How goes that day ? I hope maybe you got some leads on a job. I think of you, boytoy and send you a passionate kiss from across the sea"
ham,Or i go home first lar ü wait 4 me lor.. I put down my stuff first..
ham,What's your room number again? Wanna make sure I'm knocking on the right door
ham,Wait.i will come out.. &lt;#&gt;  min:)
ham,No..jst change tat only..
ham,"Sorry, I'll call later"
ham,"Cool, I'll text you in a few"
ham,"Can meh? Thgt some will clash... Really ah, i dun mind... I dun seen to have lost any weight... Gee..."
ham,U come n search tat vid..not finishd..
ham,Yar i wanted 2 scold u yest but late already... I where got zhong se qing you? If u ask me b4 he ask me then i'll go out w u all lor. N u still can act so real.
ham,"Do whatever you want. You know what the rules are. We had a talk earlier this week about what had to start happening, you showing responsibility. Yet, every week it's can i bend the rule this way? What about that way? Do whatever. I'm tired of having thia same argument with you every week. And a  &lt;#&gt;  movie DOESNT inlude the previews. You're still getting in after 1."
ham,Erm. I thought the contract ran out the4th of october.
ham,BOO BABE! U ENJOYIN YOURJOB? U SEEMED 2 B GETTIN ON WELL HUNNY!HOPE URE OK?TAKE CARE & ILLSPEAK 2U SOONLOTS OF LOVEME XXXX.
ham,"K will do, addie &amp; I are doing some art so I'll be here when you get home"
ham,Nice talking to you! please dont forget my pix :) i want to see all of you...
ham,Long after I quit. I get on only like 5 minutes a day as it is.
ham,"That's very rude, you on campus?"
ham,Are you there in room.
ham,"Good evening Sir, Al Salam Wahleykkum.sharing a happy news.By the grace of God, i got an offer from Tayseer,TISSCO and i joined.Hope you are fine.Inshah Allah,meet you sometime.Rakhesh,visitor from India."
ham,K do I need a login or anything
ham,Ard 6 like dat lor.
ham,"What will we do in the shower, baby?"
ham,Keep my payasam there if rinu brings
ham,K k :-):-) then watch some films.
ham,Where's mummy's boy ? Is he being good or bad ? Is he being positive or negative ? Why is mummy being made to wait? Hmmmm?
ham,Ard 530 lor. I ok then message ü lor.
ham,"Awesome, I remember the last time we got somebody high for the first time with diesel :V"
ham,Not course. Only maths one day one chapter with in one month we can finish.
ham,Joy's father is John. Then John is the NAME of Joy's father. Mandan
ham,Or u ask they all if next sat can a not. If all of them can make it then i'm ok lor.
ham,Are you planning to come chennai?
ham,"Watching cartoon, listening music &amp; at eve had to go temple &amp; church.. What about u?"
ham,"Jus chillaxin, what up"
ham,Hi! You just spoke to MANEESHA V. We'd like to know if you were satisfied with the experience. Reply Toll Free with Yes or No.
ham,Another month. I need chocolate weed and alcohol.
ham,As per your request 'Melle Melle (Oru Minnaminunginte Nurungu Vettam)' has been set as your callertune for all Callers. Press *9 to copy your friends Callertune
ham,"Well, i'm glad you didn't find it totally disagreeable ... Lol"
ham,Yes. that will be fine. Love you. Be safe.
ham,Dun need to use dial up juz open da browser n surf...
ham,"K, I might come by tonight then if my class lets out early"
ham,I wud never mind if u dont miss me or if u dont need me.. But u wil really hurt me wen u need me &amp; u dont tell me......... Take care:-)
ham,"Dont pack what you can buy at any store.like cereals. If you must pack food, pack gari or something 9ja that you will miss."
ham,No objection. My bf not coming.
ham,Hi. I'm sorry i missed your call. Can you pls call back.
ham,"Yeah, probably here for a while"
ham,Excellent! Wish we were together right now!
ham,Ok i am on the way to home hi hi
ham,Da is good good player.why he is unsold.
ham,I said its okay. Sorry
ham,1's finish meeting call me.
ham,"Dont give a monkeys wot they think and i certainly don't mind. Any friend of mine&all that! Just don't sleep wiv , that wud be annoyin!"
ham,"K, wat s tht incident?"
ham,U free on sat rite? U wan 2 watch infernal affairs wif me n darren n mayb xy?
ham,Ummmmmaah Many many happy returns of d day my dear sweet heart.. HAPPY BIRTHDAY dear
ham,Haha okay... Today weekend leh...
ham,Remind me how to get there and I shall do so
ham,"K give me a sec, breaking a  &lt;#&gt;  at cstore"
ham,Sac will score big hundred.he is set batsman:-)
ham,Wow so healthy. Old airport rd lor. Cant thk of anything else. But i'll b bathing my dog later.
ham,"Yeah probably, I still gotta check out with leo"
ham,Yes princess! I want to please you every night. Your wish is my command...
ham,I wish u were here. I feel so alone
ham,"Solve d Case : A Man Was Found Murdered On  &lt;DECIMAL&gt; . &lt;#&gt;  AfterNoon. 1,His wife called Police. 2,Police questioned everyone. 3,Wife: Sir,I was sleeping, when the murder took place. 4.Cook: I was cooking. 5.Gardener: I was picking vegetables. 6.House-Maid: I went 2 d post office. 7.Children: We went 2 play. 8.Neighbour: We went 2 a marriage. Police arrested d murderer Immediately. Who's It? Reply With Reason, If U r Brilliant."
ham,I'm not sure if its still available though
ham,"Jane babes not goin 2 wrk, feel ill after lst nite. Foned in already cover 4 me chuck.:-)"
ham,Black shirt n blue jeans... I thk i c ü...
ham,In sch but neva mind u eat 1st lor..
ham,"Dear, will call Tmorrow.pls accomodate."
ham,Hello handsome ! Are you finding that job ? Not being lazy ? Working towards getting back that net for mummy ? Where's my boytoy now ? Does he miss me ?
ham,No. I dont want to hear anything
ham,How are you doing? Hope you've settled in for the new school year. Just wishin you a gr8 day
ham,Nothin comes to my mind. Ü help me buy hanger lor. Ur laptop not heavy?
ham,K.k:)when are you going?
ham,There are no other charges after transfer charges and you can withdraw anyhow you like
ham,I'm in school now n i'll be in da lab doing some stuff give me a call when ü r done.
ham,Oops sorry. Just to check that you don't mind picking me up tomo at half eight from station. Would that be ok?
ham,Okay name ur price as long as its legal! Wen can I pick them up? Y u ave x ams xx
ham,I cant pick the phone right now. Pls send a message
ham,"Arngd marriage is while u r walkin unfortuntly a snake bites u. bt love marriage is dancing in frnt of d snake &amp; sayin Bite me, bite me."
ham,"sir, you will receive the account no another 1hr time. Sorry for the delay."
ham,I see the letter B on my car
ham,Ok i've sent u da latest version of da project.
ham,I have no idea where you are
ham,AH POOR BABY!HOPE URFEELING BETTERSN LUV! PROBTHAT OVERDOSE OF WORK HEY GO CAREFUL SPK 2 U SN LOTS OF LOVEJEN XXX.
ham,Both :) i shoot big loads so get ready!
ham,If i start sending blackberry torch to nigeria will you find buyer for me?like 4a month. And tell dad not to buy bb from anyone oh.
ham,have you ever had one foot before?
ham,BABE !!! I miiiiiiissssssssss you ! I need you !!! I crave you !!! :-( ... Geeee ... I'm so sad without you babe ... I love you ...
ham,Well if I'm that desperate I'll just call armand again
ham,WHO ARE YOU SEEING?
ham,"Idk. You keep saying that you're not, but since he moved, we keep butting heads over freedom vs. responsibility. And i'm tired. I have so much other shit to deal with that i'm barely keeping myself together once this gets added to it."
ham,1's reach home call me.
ham,Are there TA jobs available? Let me know please cos i really need to start working
ham,"There'll be a minor shindig at my place later tonight, you interested?"
ham,He is world famamus....
ham,Thanks  and ! Or bomb and date as my phone wanted to say!
ham,"Night sweet, sleep well! I've just been to see The Exorcism of Emily Rose and may never sleep again! Hugs and snogs!"
ham,Hope you are having a great new semester. Do wish you the very best. You are made for greatness.
ham,That depends. How would you like to be treated? :)
ham,"Today is ""song dedicated day.."" Which song will u dedicate for me? Send this to all ur valuable frnds but first rply me..."
ham,I though we shd go out n have some fun so bar in town or something – sound ok?
ham,Sorry. || mail? ||
ham,How will I creep on you now? ;_;
ham,Hope you are having a great day.
ham,Happy new year. Hope you are having a good semester
ham,"I can't keep going through this. It was never my intention to run you out, but if you choose to do that rather than keep the room clean so *I* don't have to say no to visitors, then maybe that's the best choice. Yes, I wanted you to be embarassed, so maybe you'd feel for once how I feel when i have a friend who wants to drop buy and i have to say no, as happened this morning. I've tried everything. I don't know what else to do."
ham,"By the way, i've put a skip right outside the front of the house so you can see which house it is. Just pull up before it."
ham,Yup. Wun believe wat? U really neva c e msg i sent shuhui?
ham,I will come tomorrow di
ham,And several to you sir.
ham,Okie
ham,Oh for fuck's sake she's in like tallahassee
ham,How much is blackberry bold2 in nigeria.
ham,Also maaaan are you missing out
ham,Lol no. Just trying to make your day a little more interesting
ham,", ow u dey.i paid 60,400thousad.i told  u would call ."
ham,Am only searching for good dual sim mobile pa.
ham,"It's fine, imma get a drink or somethin. Want me to come find you?"
ham,Can you let me know details of fri when u find out cos I'm not in tom or fri. mentionned chinese. Thanks
ham,"Nah I don't think he goes to usf, he lives around here though"
ham,"Dear Sir,Salam Alaikkum.Pride and Pleasure meeting you today at the Tea Shop.We are pleased to send you our contact number at Qatar.Rakhesh an Indian.Pls save our Number.Respectful Regards."
ham,U ned to convince him tht its not possible witot hurting his feeling its the main
ham,Long time. You remember me today.
ham,I accidentally brought em home in the box
ham,I'm doing da intro covers energy trends n pros n cons... Brief description of nuclear fusion n oso brief history of iter n jet got abt 7 n half pages..
ham,Hello- thanx for taking that call. I got a job! Starts on monday!
ham,Can u get pic msgs to your phone?
ham,Tell me something. Thats okay.
ham,"Say this slowly.? GOD,I LOVE YOU &amp; I NEED YOU,CLEAN MY HEART WITH YOUR BLOOD.Send this to Ten special people &amp; u c miracle tomorrow, do it,pls,pls do it..."
ham,What happened to our yo date?
ham,Hey pple...$700 or $900 for 5 nights...Excellent location wif breakfast hamper!!!
ham,When are you going to ride your bike?
ham,"When people see my msgs, They think Iam addicted to msging... They are wrong, Bcoz They don\'t know that Iam addicted to my sweet Friends..!! BSLVYL"
ham,Yup i've finished c ü there...
ham,Wah lucky man... Then can save money... Hee...
ham,Yo come over carlos will be here soon
ham,No problem with the renewal. I.ll do it right away but i dont know his details.
ham,Omg you can make a wedding chapel in frontierville? Why do they get all the good stuff?
ham,Would really appreciate if you call me. Just need someone to talk to.
ham,"Sorry, I'll call later"
ham,Does daddy have a bb now.
ham,U call me alter at 11 ok.
ham,We will meet soon princess! Ttyl!
ham,"Well imma definitely need to restock before thanksgiving, I'll let you know when I'm out"
ham,Check wid corect speling i.e. Sarcasm
ham,Beauty sleep can help ur pimples too.
ham,I'm in a movie... Collect car oredi...
ham,U too...
ham,What???? Hello wats talks email address?
ham,Yup i'm still having coffee wif my frens... My fren drove she'll give me a lift...
ham,Should I have picked up a receipt or something earlier
ham,"Oh fine, I'll be by tonight"
ham,Message:some text missing* Sender:Name Missing* *Number Missing *Sent:Date missing *Missing U a lot thats y everything is missing sent via fullonsms.com
ham,No it was cancelled yeah baby! Well that sounds important so i understand my darlin give me a ring later on this fone love Kate x
ham,Glad to see your reply.
ham,I am in tirupur.  call you da.
ham,"Alright we're hooked up, where you guys at"
ham,"Ooh, 4got, i'm gonna start belly dancing in moseley weds 6.30 if u want 2 join me, they have a cafe too."
ham,At 7 we will go ok na.
ham,How come she can get it? Should b quite diff to guess rite...
ham,Finally the match heading towards draw as your prediction.
ham,"Multiply the numbers independently and count decimal points then, for the division, push the decimal places like i showed you."
ham,K..k..any special today?
ham,What you doing?how are you?
ham,Where are you ? What are you doing ? Are yuou working on getting the pc to your mom's ? Did you find a spot that it would work ? I need you
ham,"The word ""Checkmate"" in chess comes from the Persian phrase ""Shah Maat"" which means; ""the king is dead.."" Goodmorning.. Have a good day..:)"
ham,Babes I think I got ur brolly I left it in English wil bring it in 2mrw 4 u luv Franxx
ham,Gudnite....tc...practice going on
ham,"Yo, I'm at my parents' gettin cash. Good news: we picked up a downstem"
ham,Its sarcasm.. .nt scarcasim
ham,Today my system sh get ready.all is well and i am also in the deep well
ham,Even u dont get in trouble while convincing..just tel him once or twice and just tel neglect his msgs dont c and read it..just dont reply
ham,"Whatever, juliana. Do whatever you want."
ham,Nothing will ever be easy. But don't be looking for a reason not to take a risk on life and love
ham,Hmm. Shall i bring a bottle of wine to keep us amused? Just joking! I'll still bring a bottle. Red or white? See you tomorrow
ham,This is ur face test ( 1 2 3 4 5 6 7 8 9  &lt;#&gt;  ) select any number i will tell ur face astrology.... am waiting. quick reply...
ham,Sorry i now then c ur msg... Yar lor so poor thing... But only 4 one night... Tmr u'll have a brand new room 2 sleep in...
ham,Dunno lei... I might b eatin wif my frens... If ü wan to eat then i wait 4 ü lar
ham,Hi neva worry bout da truth coz the truth will lead me 2 ur heart. Its the least a unique person like u deserve. Sleep tight or morning
ham,I've sent my wife your text. After we buy them she'll tell you what to do. So just relax. We should go get them this wkend.
ham,How are you holding up?
ham,if you aren't here in the next  &lt;#&gt;  hours imma flip my shit
spam,For the most sparkling shopping breaks from 45 per person; call 0121 2025050 or visit www.shortbreaks.org.uk
spam,"Double mins and txts 4 6months FREE Bluetooth on Orange. Available on Sony, Nokia Motorola phones. Call MobileUpd8 on 08000839402 or call2optout/N9DX"
spam,"complimentary 4 STAR Ibiza Holiday or £10,000 cash needs your URGENT collection. 09066364349 NOW from Landline not to lose out! Box434SK38WP150PPM18+"
spam,Hi 07734396839 IBH Customer Loyalty Offer: The NEW NOKIA6600 Mobile from ONLY £10 at TXTAUCTION!Txt word:START to No:81151 & get Yours Now!4T&
spam,Ur cash-balance is currently 500 pounds - to maximize ur cash-in now send CASH to 86688 only 150p/msg. CC: 08708800282 HG/Suite342/2Lands Row/W1J6HL
spam,"If you don't, your prize will go to another customer. T&C at www.t-c.biz 18+ 150p/min Polo Ltd Suite 373 London W1J 6HL Please call back if busy"
spam,You have won a Nokia 7250i. This is what you get when you win our FREE auction. To take part send Nokia to 86021 now. HG/Suite342/2Lands Row/W1JHL 16+
spam,PRIVATE! Your 2003 Account Statement for shows 800 un-redeemed S. I. M. points. Call 08719899230 Identifier Code: 41685 Expires 07/11/04
spam,Congratulations ur awarded 500 of CD vouchers or 125gift guaranteed & Free entry 2 100 wkly draw txt MUSIC to 87066 TnCs www.Ldew.com1win150ppmx3age16
spam,Camera - You are awarded a SiPix Digital Camera! call 09061221066 fromm landline. Delivery within 28 days
spam,Someone has conacted our dating service and entered your phone because they fancy you!To find out who it is call from landline 09111030116. PoBox12n146tf15
spam,"Hi this is Amy, we will be sending you a free phone number in a couple of days, which will give you an access to all the adult parties..."
spam,YES! The only place in town to meet exciting adult singles is now in the UK. Txt CHAT to 86688 now! 150p/Msg.
spam,XCLUSIVE@CLUBSAISAI 2MOROW 28/5 SOIREE SPECIALE ZOUK WITH NICHOLS FROM PARIS.FREE ROSES 2 ALL LADIES !!! info: 07946746291/07880867867
spam,You have 1 new message. Please call 08718738034.
spam,"Spook up your mob with a Halloween collection of a logo & pic message plus a free eerie tone, txt CARD SPOOK to 8007 zed 08701417012150p per logo/pic"
spam,Ringtone Club: Gr8 new polys direct to your mobile every week !
spam,PRIVATE! Your 2003 Account Statement for 07815296484 shows 800 un-redeemed S.I.M. points. Call 08718738001 Identifier Code 41782 Expires 18/11/04
spam,"Ur balance is now £600. Next question: Complete the landmark, Big, A. Bob, B. Barry or C. Ben ?. Text A, B or C to 83738. Good luck!"
spam,URGENT! Your Mobile number has been awarded with a £2000 prize GUARANTEED. Call 09058094454 from land line. Claim 3030. Valid 12hrs only
spam,PRIVATE! Your 2003 Account Statement for shows 800 un-redeemed S.I.M. points. Call 08718738001 Identifier Code: 49557 Expires 26/11/04
spam,Great News! Call FREEFONE 08006344447 to claim your guaranteed £1000 CASH or £2000 gift. Speak to a live operator NOW!
spam,Do you want a new Video phone? 600 anytime any network mins 400 Inclusive Video calls AND downloads 5 per week Free delTOMORROW call 08002888812 or reply NOW
spam,"You have been specially selected to receive a ""3000 award! Call 08712402050 BEFORE the lines close. Cost 10ppm. 16+. T&Cs apply. AG Promo"
spam,Todays Voda numbers ending 1225 are selected to receive a £50award. If you have a match please call 08712300220 quoting claim code 3100 standard rates app
spam,"URGENT! Your mobile No 07xxxxxxxxx won a £2,000 bonus caller prize on 02/06/03! this is the 2nd attempt to reach YOU! call 09066362231 ASAP! BOX97N7QP, 150PPM"
spam,"Hey Boys. Want hot XXX pics sent direct 2 ur phone? Txt PORN to 69855, 24Hrs free and then just 50p per day. To stop text STOPBCM SF WC1N3XX"
spam,"U can WIN £100 of Music Gift Vouchers every week starting NOW Txt the word DRAW to 87066 TsCs www.ldew.com SkillGame,1Winaweek, age16.150ppermessSubscription"
spam,"Welcome to UK-mobile-date this msg is FREE giving you free calling to 08719839835. Future mgs billed at 150p daily. To cancel send ""go stop"" to 89123"
spam,We tried to call you re your reply to our sms for a video mobile 750 mins UNLIMITED TEXT free camcorder Reply or call now 08000930705 Del Thurs
spam,Hard LIVE 121 chat just 60p/min. Choose your girl and connect LIVE. Call 09094646899 now! Cheap Chat UK's biggest live service. VU BCM1896WC1N3XX
spam,Free entry in 2 a weekly comp for a chance to win an ipod. Txt POD to 80182 to get entry (std txt rate) T&C's apply 08452810073 for details 18+
spam,8007 25p 4 Alfie Moon's Children in Need song on ur mob. Tell ur m8s. Txt TONE CHARITY to 8007 for nokias or POLY CHARITY for polys :zed 08701417012 profit 2 charity
spam,Sexy Singles are waiting for you! Text your AGE followed by your GENDER as wither M or F E.G.23F. For gay men text your AGE followed by a G. e.g.23G.
spam,Phony £350 award - Todays Voda numbers ending XXXX are selected to receive a £350 award. If you have a match please call 08712300220 quoting claim code 3100 standard rates app
spam,Message Important information for O2 user. Today is your lucky day! 2 find out why log onto http://www.urawinner.com there is a fantastic surprise awaiting you
spam,"FreeMSG You have been awarded a FREE mini DIGITAL CAMERA, just reply SNAP to collect your prize! (quizclub Opt out? Stop 80122300p/wk SP:RWM Ph:08704050406)"
spam,URGENT! We are trying to contact you. Last weekends draw shows that you have won a £900 prize GUARANTEED. Call 09061701939. Claim code S89. Valid 12hrs only
spam,"Twinks, bears, scallies, skins and jocks are calling now. Don't miss the weekend's fun. Call 08712466669 at 10p/min. 2 stop texts call 08712460324(nat rate)"
spam,URGENT This is our 2nd attempt to contact U. Your £900 prize from YESTERDAY is still awaiting collection. To claim CALL NOW 09061702893
spam,dating:i have had two of these. Only started after i sent a text to talk sport radio last week. Any connection do you think or coincidence?
spam,UR awarded a City Break and could WIN a £200 Summer Shopping spree every WK. Txt STORE to 88039.SkilGme.TsCs087147403231Winawk!Age16+£1.50perWKsub
spam,Talk sexy!! Make new friends or fall in love in the worlds most discreet text dating service. Just text VIP to 83110 and see who you could meet.
spam,Block Breaker now comes in deluxe format with new features and great graphics from T-Mobile. Buy for just £5 by replying GET BBDELUXE and take the challenge
spam,Natalja (25/F) is inviting you to be her friend. Reply YES-440 or NO-440 See her: www.SMS.ac/u/nat27081980 STOP? Send STOP FRND to 62468
spam,Hard LIVE 121 chat just 60p/min. Choose your girl and connect LIVE. Call 09094646899 now! Cheap Chat UK's biggest live service. VU BCM1896WC1N3XX
spam,Do you want a new video handset? 750 anytime any network mins? Half Price Line Rental? Camcorder? Reply or call 08000930705 for delivery tomorrow
spam,Urgent! Please call 09061213237 from a landline. £5000 cash or a 4* holiday await collection. T &Cs SAE PO Box 177 M227XY. 16+
spam,"U can WIN £100 of Music Gift Vouchers every week starting NOW Txt the word DRAW to 87066 TsCs www.Idew.com SkillGame, 1Winaweek, age16. 150ppermessSubscription"
spam,For sale - arsenal dartboard. Good condition but no doubles or trebles!
spam,"Download as many ringtones as u like no restrictions, 1000s 2 choose. U can even send 2 yr buddys. Txt Sir to 80082 £3"
spam,CDs 4u: Congratulations ur awarded £500 of CD gift vouchers or £125 gift guaranteed & Freeentry 2 £100 wkly draw xt MUSIC to 87066 TnCs www.ldew.com1win150ppmx3age16
spam,Dear Voucher holder Have your next meal on us. Use the following link on your pc 2 enjoy a 2 4 1 dining experiencehttp://www.vouch4me.com/etlp/dining.asp
spam,U’ve Bin Awarded £50 to Play 4 Instant Cash. Call 08715203028 To Claim. EVERY 9th Player Wins Min £50-£500. OptOut 08718727870
spam,U have a secret admirer who is looking 2 make contact with U-find out who they R*reveal who thinks UR so special-call on 09058094599
spam,PRIVATE! Your 2003 Account Statement for 07753741225 shows 800 un-redeemed S. I. M. points. Call 08715203677 Identifier Code: 42478 Expires 24/10/04
spam,Ringtone Club: Get the UK singles chart on your mobile each week and choose any top quality ringtone! This message is free of charge.
spam,"Final Chance! Claim ur £150 worth of discount vouchers today! Text YES to 85023 now! SavaMob, member offers mobile! T Cs SavaMob POBOX84, M263UZ. £3.00 Subs 16"
spam,U are subscribed to the best Mobile Content Service in the UK for £3 per ten days until you send STOP to 83435. Helpline 08706091795.
spam,PRIVATE! Your 2003 Account Statement for shows 800 un-redeemed S. I. M. points. Call 08718738002 Identifier Code: 48922 Expires 21/11/04
spam,Sunshine Quiz Wkly Q! Win a top Sony DVD player if u know which country Liverpool played in mid week? Txt ansr to 82277. £1.50 SP:Tyrone
spam,"Do you realize that in about 40 years, we'll have thousands of old ladies running around with tattoos?"
spam,SplashMobile: Choose from 1000s of gr8 tones each wk! This is a subscrition service with weekly tones costing 300p. U have one credit - kick back and ENJOY
spam,Congrats! Nokia 3650 video camera phone is your Call 09066382422 Calls cost 150ppm Ave call 3mins vary from mobiles 16+ Close 300603 post BCM4284 Ldn WC1N3XX
spam,TBS/PERSOLVO. been chasing us since Sept for£38 definitely not paying now thanks to your information. We will ignore them. Kath. Manchester.
spam,FreeMsg Hi baby wow just got a new cam moby. Wanna C a hot pic? or Fancy a chat?Im w8in 4uTxt / rply CHAT to 82242 Hlp 08712317606 Msg150p 2rcv
spam,"For ur chance to win a £250 wkly shopping spree TXT: SHOP to 80878. T's&C's www.txt-2-shop.com custcare 08715705022, 1x150p/wk"
spam,"You can stop further club tones by replying ""STOP MIX"" See my-tone.com/enjoy. html for terms. Club tones cost GBP4.50/week. MFL, PO Box 1146 MK45 2WT (2/3)"
spam,FREE for 1st week! No1 Nokia tone 4 ur mob every week just txt NOKIA to 8007 Get txting and tell ur mates www.getzed.co.uk POBox 36504 W45WQ norm150p/tone 16+
spam,"3 FREE TAROT TEXTS! Find out about your love life now! TRY 3 FOR FREE! Text CHANCE to 85555 16 only! After 3 Free, Msgs £1.50 each"
spam,Valentines Day Special! Win over £1000 in our quiz and take your partner on the trip of a lifetime! Send GO to 83600 now. 150p/msg rcvd. CustCare:08718720201
spam,"Bears Pic Nick, and Tom, Pete and ... Dick. In fact, all types try gay chat with photo upload call 08718730666 (10p/min). 2 stop texts call 08712460324"
spam,Do you want 750 anytime any network mins 150 text and a NEW VIDEO phone for only five pounds per week call 08002888812 or reply for delivery tomorrow
spam,Free video camera phones with Half Price line rental for 12 mths and 500 cross ntwk mins 100 txts. Call MobileUpd8 08001950382 or Call2OptOut/674
spam,"This is the 2nd time we have tried 2 contact u. U have won the 750 Pound prize. 2 claim is easy, call 08712101358 NOW! Only 10p per min. BT-national-rate"
spam,"Dear Voucher Holder, To claim this weeks offer, at your PC please go to http://www.wtlp.co.uk/text. Ts&Cs apply."
spam,87077: Kick off a new season with 2wks FREE goals & news to ur mobile! Txt ur club name to 87077 eg VILLA to 87077
spam,You have won a Nokia 7250i. This is what you get when you win our FREE auction. To take part send Nokia to 86021 now. HG/Suite342/2Lands Row/W1JHL 16+
spam,Dorothy@kiefer.com (Bank of Granite issues Strong-Buy) EXPLOSIVE PICK FOR OUR MEMBERS *****UP OVER 300% *********** Nasdaq Symbol CDGT That is a $5.00 per..
spam,"Wan2 win a Meet+Greet with Westlife 4 U or a m8? They are currently on what tour? 1)Unbreakable, 2)Untamed, 3)Unkempt. Text 1,2 or 3 to 83049. Cost 50p +std text"
spam,500 free text msgs. Just text ok to 80488 and we'll credit your account
spam,"You have won ?1,000 cash or a ?2,000 prize! To claim, call09050000327. T&C: RSTM, SW7 3SS. 150ppm"
spam,Panasonic & BluetoothHdset FREE. Nokia FREE. Motorola FREE & DoubleMins & DoubleTxt on Orange contract. Call MobileUpd8 on 08000839402 or call 2optout
spam,100 dating service cal;l 09064012103 box334sk38ch
spam,goldviking (29/M) is inviting you to be his friend. Reply YES-762 or NO-762 See him: www.SMS.ac/u/goldviking STOP? Send STOP FRND to 62468
spam,"Bored of speed dating? Try SPEEDCHAT, txt SPEEDCHAT to 80155, if you don't like em txt SWAP and get a new chatter! Chat80155 POBox36504W45WQ 150p/msg rcd 16"
spam,Ur balance is now £500. Ur next question is: Who sang 'Uptown Girl' in the 80's ? 2 answer txt ur ANSWER to 83600. Good luck!
spam,ringtoneking 84484
spam,(Bank of Granite issues Strong-Buy) EXPLOSIVE PICK FOR OUR MEMBERS *****UP OVER 300% *********** Nasdaq Symbol CDGT That is a $5.00 per..
spam,U have won a nokia 6230 plus a free digital camera. This is what u get when u win our FREE auction. To take part send NOKIA to 83383 now. POBOX114/14TCR/W1 16
spam,"Get 3 Lions England tone, reply lionm 4 mono or lionp 4 poly. 4 more go 2 www.ringtones.co.uk, the original n best. Tones 3GBP network operator rates apply."
spam,U have a Secret Admirer who is looking 2 make contact with U-find out who they R*reveal who thinks UR so special-call on 09065171142-stopsms-08
spam,Guess what! Somebody you know secretly fancies you! Wanna find out who it is? Give us a call on 09065394514 From Landline DATEBox1282EssexCM61XN 150p/min 18
spam,Please call our customer service representative on FREEPHONE 0808 145 4742 between 9am-11pm as you have WON a guaranteed £1000 cash or £5000 prize!
spam,"Claim a 200 shopping spree, just call 08717895698 now! Have you won! MobStoreQuiz10ppm"
spam,Todays Voda numbers ending 7548 are selected to receive a $350 award. If you have a match please call 08712300220 quoting claim code 4041 standard rates app
spam,"Loan for any purpose £500 - £75,000. Homeowners + Tenants welcome. Have you been previously refused? We can still help. Call Free 0800 1956669 or text back 'help'"
spam,"Do you ever notice that when you're driving, anyone going slower than you is an idiot and everyone driving faster than you is a maniac?"
spam,URGENT! We are trying to contact U. Todays draw shows that you have won a £2000 prize GUARANTEED. Call 09058094507 from land line. Claim 3030. Valid 12hrs only
spam,"U've been selected to stay in 1 of 250 top British hotels - FOR NOTHING! Holiday valued at £350! Dial 08712300220 to claim - National Rate Call. Bx526, SW73SS"
spam,"Hottest pics straight to your phone!! See me getting Wet and Wanting, just for you xx Text PICS to 89555 now! txt costs 150p textoperator g696ga 18 XxX"
spam,wamma get laid?want real doggin locations sent direct to your mobile? join the UKs largest dogging network. txt dogs to 69696 now!nyt. ec2a. 3lp £1.50/msg.
spam,"SIX chances to win CASH! From 100 to 20,000 pounds txt> CSH11 and send to 87575. Cost 150p/day, 6days, 16+ TsandCs apply Reply HL 4 info"
spam,Cashbin.co.uk (Get lots of cash this weekend!) www.cashbin.co.uk Dear Welcome to the weekend We have got our biggest and best EVER cash give away!! These..
spam,Ur cash-balance is currently 500 pounds - to maximize ur cash-in now send COLLECT to 83600 only 150p/msg. CC: 08718720201 PO BOX 114/14 TCR/W1
spam,YOU ARE CHOSEN TO RECEIVE A £350 AWARD! Pls call claim number 09066364311 to collect your award which you are selected to receive as a valued mobile customer.
spam,"Had your contract mobile 11 Mnths? Latest Motorola, Nokia etc. all FREE! Double Mins & Text on Orange tariffs. TEXT YES for callback, no to remove from records."
spam,FreeMsg>FAV XMAS TONES!Reply REAL
spam,"Free-message: Jamster!Get the crazy frog sound now! For poly text MAD1, for real text MAD2 to 88888. 6 crazy sounds for just 3 GBP/week! 16+only! T&C's apply"
spam,"Hungry gay guys feeling hungry and up 4 it, now. Call 08718730555 just 10p/min. To stop texts call 08712460324 (10p/min)"
spam,"HOT LIVE FANTASIES call now 08707509020 Just 20p per min NTT Ltd, PO Box 1327 Croydon CR9 5WB 0870 is a national rate call"
spam,"Thank you, winner notified by sms. Good Luck! No future marketing reply STOP to 84122 customer services 08450542832"
spam,<Forwarded from 88877>FREE entry into our £250 weekly comp just send the word ENTER to 88877 NOW. 18 T&C www.textcomp.com
spam,Double Mins & Double Txt & 1/2 price Linerental on Latest Orange Bluetooth mobiles. Call MobileUpd8 for the very latest offers. 08000839402 or call2optout/LF56
spam,"Urgent Urgent! We have 800 FREE flights to Europe to give away, call B4 10th Sept & take a friend 4 FREE. Call now to claim on 09050000555. BA128NNFWFLY150ppm"
spam,"Dear Matthew please call 09063440451 from a landline, your complimentary 4*Lux Tenerife holiday or £1000 CASH await collection. ppm150 SAE T&Cs Box334 SK38XH."
spam,Text PASS to 69669 to collect your polyphonic ringtones. Normal gprs charges apply only. Enjoy your tones
spam,"England v Macedonia - dont miss the goals/team news. Txt ur national team to 87077 eg ENGLAND to 87077 Try:WALES, SCOTLAND 4txt/ú1.20 POBOXox36504W45WQ 16+"
spam,Ur ringtone service has changed! 25 Free credits! Go to club4mobiles.com to choose content now! Stop? txt CLUB STOP to 87070. 150p/wk Club4 PO Box1146 MK45 2WT
spam,FreeMsg: Hey - I'm Buffy. 25 and love to satisfy men. Home alone feeling randy. Reply 2 C my PIX! QlynnBV Help08700621170150p a msg Send stop to stop txts
spam,WINNER!! As a valued network customer you have been selected to receivea £900 prize reward! To claim call 09061701461. Claim code KL341. Valid 12 hours only.
spam,Free Msg: Ringtone!From: http://tms. widelive.com/index. wml?id=1b6a5ecef91ff9*37819&first=true18:0430-JUL-05
spam,83039 62735=£450 UK Break AccommodationVouchers terms & conditions apply. 2 claim you mustprovide your claim number which is 15541
spam,You have WON a guaranteed £1000 cash or a £2000 prize. To claim yr prize call our customer service representative on 08714712379 between 10am-7pm Cost 10p
spam,Guess what! Somebody you know secretly fancies you! Wanna find out who it is? Give us a call on 09065394973 from Landline DATEBox1282EssexCM61XN 150p/min 18
spam,network operator. The service is free. For T & C's visit 80488.biz
spam,No. 1 Nokia Tone 4 ur mob every week! Just txt NOK to 87021. 1st Tone FREE ! so get txtin now and tell ur friends. 150p/tone. 16 reply HL 4info
spam,TheMob>Yo yo yo-Here comes a new selection of hot downloads for our members to get for FREE! Just click & open the next link sent to ur fone...
spam,Had your mobile 11mths ? Update for FREE to Oranges latest colour camera mobiles & unlimited weekend calls. Call Mobile Upd8 on freefone 08000839402 or 2StopTxt
spam,"Want to funk up ur fone with a weekly new tone reply TONES2U 2 this text. www.ringtones.co.uk, the original n best. Tones 3GBP network operator rates apply"
spam,"For your chance to WIN a FREE Bluetooth Headset then simply reply back with ""ADP"""
spam,You can donate £2.50 to UNICEF's Asian Tsunami disaster support fund by texting DONATE to 864233. £2.50 will be added to your next bill
spam,Collect your VALENTINE'S weekend to PARIS inc Flight & Hotel + £200 Prize guaranteed! Text: PARIS to No: 69101. www.rtf.sphosting.com
spam,Someone U know has asked our dating service 2 contact you! Cant Guess who? CALL 09058091854 NOW all will be revealed. PO BOX385 M6 6WU
spam,Warner Village 83118 C Colin Farrell in SWAT this wkend @Warner Village & get 1 free med. Popcorn!Just show msg+ticket@kiosk.Valid 4-7/12. C t&c @kiosk. Reply SONY 4 mre film offers
spam,"Your free ringtone is waiting to be collected. Simply text the password ""MIX"" to 85069 to verify. Get Usher and Britney. FML, PO Box 5249, MK17 92H. 450Ppw 16"
spam,#ERROR!
spam,"We know someone who you know that fancies you. Call 09058097218 to find out who. POBox 6, LS15HB 150p"
spam,Do you want a NEW video phone750 anytime any network mins 150 text for only five pounds per week call 08000776320 now or reply for delivery tomorrow
spam,"Oh my god! I've found your number again! I'm so glad, text me back xafter this msgs cst std ntwk chg £1.50"
spam,This message is brought to you by GMW Ltd. and is not connected to the
spam,"You are being contacted by our dating service by someone you know! To find out who it is, call from a land line 09050000878. PoBox45W2TG150P"
spam,You have 1 new message. Please call 08712400200.
spam,Text BANNEDUK to 89555 to see! cost 150p textoperator g696ga 18+ XXX
spam,SMS SERVICES For your inclusive text credits pls gotto www.comuk.net login 3qxj9 unsubscribe with STOP no extra charge help 08702840625 comuk.220cm2 9AE
spam,PRIVATE! Your 2003 Account Statement for shows 800 un-redeemed S. I. M. points. Call 08715203694 Identifier Code: 40533 Expires 31/10/04
spam,"5 Free Top Polyphonic Tones call 087018728737, National Rate. Get a toppoly tune sent every week, just text SUBPOLY to 81618, £3 per pole. UnSub 08718727870."
spam,Want 2 get laid tonight? Want real Dogging locations sent direct 2 ur Mob? Join the UK's largest Dogging Network by txting MOAN to 69888Nyt. ec2a. 31p.msg@150p
spam,Great News! Call FREEFONE 08006344447 to claim your guaranteed £1000 CASH or £2000 gift. Speak to a live operator NOW!
